{"cameraMode":{"drawMode":0,"name":"Shaded","section":"Shading Mode"},"sceneLighting":true,"audioPlay":false,"sceneViewState":{"m_AlwaysRefresh":false,"showFog":true,"showSkybox":true,"showFlares":true,"showImageEffects":true,"showParticleSystems":true,"showVisualEffectGraphs":true,"m_FxEnabled":true},"in2DMode":false,"pivot":{"x":-62.355533599853519,"y":4.5472564697265629,"z":-16.439769744873048},"rotation":{"x":-0.006015129387378693,"y":-0.9960336685180664,"z":-0.01452157087624073,"w":0.09323935210704804},"size":43.09854507446289,"orthographic":false}